,KP_0_x,KP_0_y,KP_1_x,KP_1_y,KP_2_x,KP_2_y,KP_5_x,KP_5_y,KP_15_x,KP_15_y,KP_16_x,KP_16_y,KP_17_x,KP_17_y,KP_18_x,KP_18_y,KP_0_KP_1,KP_0_KP_2,KP_0_KP_5,KP_0_KP_15,KP_0_KP_16,KP_0_KP_17,KP_0_KP_18,KP_1_KP_2,KP_1_KP_5,KP_1_KP_15,KP_1_KP_16,KP_1_KP_17,KP_1_KP_18,KP_2_KP_5,KP_2_KP_15,KP_2_KP_16,KP_2_KP_17,KP_2_KP_18,KP_5_KP_15,KP_5_KP_16,KP_5_KP_17,KP_5_KP_18,KP_15_KP_16,KP_15_KP_17,KP_15_KP_18,KP_16_KP_17,KP_16_KP_18,KP_17_KP_18,timestamps
164,50.80000000000001,-43.06399999999999,-18.270999999999958,1.3310000000000173,0,0,-19.56000000000006,10.418999999999983,59.96199999999999,-67.876,76.98399999999998,-20.86099999999999,18.254999999999995,-65.20599999999999,54.86699999999996,28.65100000000001,1.343553285300061,0,0,0.9860879130103122,0.12569399347207622,0.9382825604262948,2.215962687031734,0,0,2.394757509877877,-0.31516389795456234,-0.039205945218867555,3.4207640163677695,0,0,0,0,0,0,0,0,0,2.5852254858149095,2.09177886254151,2.4747326261835383,1.2680006365635137,-2.1145366422969474,2.2328954537175605,164-193
165,52.15300000000002,-43.101,-18.248000000000047,2.5720000000000027,0,0,-19.56000000000006,10.418999999999983,61.30599999999998,-69.14600000000002,79.63900000000001,-19.572000000000003,18.288999999999987,-63.916,57.46800000000002,27.444999999999993,-1.6232710756269881,0,0,2.812045368784741,-0.07035240453535607,0.6208399824956814,0.012996157782637852,0,0,1.2286342109092914,-1.6586749414984467,4.250898116470097,-4.305666931112086,0,0,0,0,0,0,0,0,0,1.7391007149364412,-3.65340972579893,3.0295094519784556,-1.2789324369530277,1.5106319910690615,0.5250855104651038,165-194
166,53.474000000000046,-43.099999999999994,-16.947000000000003,-0.019000000000005457,0,0,-19.56000000000006,10.418999999999983,61.399,-71.749,80.90199999999999,-19.558999999999997,20.857999999999947,-70.40799999999999,60.03899999999999,29.992999999999995,2.510403021409104,0,0,-1.3927849210542327,0.02559463748080759,-0.7909055096849542,2.4724291340985047,0,0,2.0614955381511777,2.8125026266678503,-1.5839505551863056,4.2521486285773165,0,0,0,0,0,0,0,0,0,-2.3569580060656037,3.2286597646920967,0.030385653927979206,-0.02575451546208285,1.7818290195616768,1.8116595168859817,166-195
167,53.53899999999999,-43.09899999999999,-18.24599999999998,2.5960000000000036,0,0,-19.56000000000006,10.418999999999983,63.94399999999996,-71.781,80.988,-19.558999999999997,20.889999999999986,-67.822,62.60300000000001,29.960999999999984,-2.051316160268982,0,0,-0.0025309614311765927,-2.0603136503774024,1.2727834229551434,0.6942625594748506,0,0,-1.0758930037317782,-4.003635659716878,3.3912773546360313,-0.021403257669504683,0,0,0,0,0,0,0,0,0,-2.47194763628827,-1.1049327409544105,-0.36266377140611894,0.21164086471007693,1.0222376473680725,-0.2121871232949104,167-196
168,54.835000000000036,-41.875,-18.25600000000003,1.2939999999999827,0,0,-19.56000000000006,10.418999999999983,65.29599999999999,-71.73100000000002,80.94400000000002,-15.698999999999984,22.163999999999987,-71.69999999999999,62.617999999999995,28.713000000000022,-1.447812436177017,0,0,-1.2061176236840474,-2.6383455873767048,0.7713315450892679,-2.0268962010332814,0,0,-3.4084341150013415,-1.5135531260958999,-3.6976074822320584,-0.9391472777471108,0,0,0,0,0,0,0,0,0,-3.7377378268186305,1.5543419212464897,-2.3813268209152056,-0.07607524870958571,1.7121430762803982,-0.3433602794303141,168-197
169,56.13100000000003,-41.769000000000005,-18.204999999999984,0.007999999999981355,0,0,-19.56000000000006,10.418999999999983,67.781,-70.47299999999998,78.346,-14.418000000000006,22.165999999999997,-70.429,61.32600000000002,28.727000000000004,-3.3070359742976905,0,0,0.028323676314659707,-0.2808593289505268,0.0035683851931551658,-1.8625995280702128,0,0,-2.9083214446343106,-3.1780674782776828,-0.054421281299369184,-5.051501684965785,0,0,0,0,0,0,0,0,0,-0.8807559764099082,0.002068354122279459,-1.7758904641640925,-0.017151877999324938,-0.49139342921869655,-0.04032771504621735,169-198
170,56.161,-40.494,-18.23599999999999,-2.5819999999999936,0,0,-19.56000000000006,10.418999999999983,67.78199999999998,-69.144,77.02600000000001,-13.103000000000009,22.176999999999964,-70.404,60.00999999999999,31.282999999999987,0.39780319193565106,0,-1.0723013880111125,1.4856986961285905,-0.1812288627999834,0.8490808932320704,-1.5151889038395794,0,0.6766959301487816,-1.9021084306891396,1.9110732366387992,-0.309716357324902,1.0799859439879356,0,0,0,0,0,-1.4206889283375688,5.340989202625991,0,2.439885544356059,3.4953841891935795,0.41386689856881276,2.803034392930712,-0.04211313549954809,0.24483730438064555,-1.511114129668556,170-199
171,57.36700000000002,-39.141999999999996,-19.48100000000005,-1.3029999999999973,0,0,-10.422000000000025,9.107000000000028,66.531,-63.92499999999998,75.71800000000002,-13.002999999999986,22.126999999999953,-69.114,58.661,31.331999999999994,0.4852338721387781,0,1.070459814554198,-0.6873943456930007,1.1707750786876048,-0.7933416489708804,3.185823428556283,0,1.4497005172223112,1.1517785748195593,0.11765332640581505,2.8644092089688797,1.9189269153607995,0,0,0,0,0,1.2519645387123148,0.42067894196262046,0,1.6062370548333433,-0.03480458187173241,-0.4031218085304076,1.3655510616641209,0.04001496254049641,0.9883301627590626,0.3227950373071309,171-200
172,54.82400000000001,-36.49200000000002,-18.214,1.2769999999999868,0,0,-9.133000000000038,9.139999999999986,65.25199999999995,-61.352000000000004,74.42000000000002,-10.419000000000011,22.145999999999958,-70.44,57.40300000000002,31.325999999999993,-5.881235107174561,0,0.9152958092055599,-3.206622598443875,3.974911803159241,-1.8029435978657204,3.5720897759048924,0,-1.4102200147724346,-4.294472837453469,-5.717019566216919,-8.833382916385148,-5.192955257740692,0,0,0,0,0,0.5973462194930903,-0.7612597764315581,0,1.587321292036762,0.9441071359282276,1.7898335485730499,-1.5733345160793704,-0.08056376566408119,-2.888001233410229,-2.5058552229775586,172-201
173,50.92599999999999,-31.350000000000023,-16.942000000000007,0.01999999999998181,0,0,-9.117000000000075,9.125,63.95399999999995,-60.02699999999999,74.322,-9.093000000000018,22.145999999999958,-70.44,54.781000000000006,31.37100000000001,-1.6963755260009492,0,1.9588517356575892,-3.6160688580532536,-1.5465604835781583,-1.8029435978657204,-0.04575451975411937,0,-1.1258656299227425,-4.446790274277248,-5.035136144003616,-8.833382916385148,-3.9775232594411136,0,0,0,0,0,-0.6085843589714557,-0.572611783990709,0,1.3217377593579727,-0.7657575681985804,1.7898335485730499,-1.939439463205801,-0.08056376566408119,-1.4479783532112052,-2.5058552229775586,173-201
222,50.95799999999997,16.97999999999999,-1.2629999999999768,-7.853000000000009,0,0,-0.05500000000000682,-0.01599999999996271,73.12299999999999,11.722000000000008,52.21500000000003,39.238999999999976,69.18200000000002,-15.675999999999988,32.56700000000001,43.121999999999986,0.6479218576304504,0,-0.8184807395028031,1.2512397471542087,-0.026621855630075686,0.9717254272124407,-0.28957428366760496,0,-1.2410146661580654,1.6571926322980346,0.8715433692733257,1.382994829181797,-3.220466907738313,0,0,0,0,0,-0.799563670910743,-0.5762957390310817,-0.9633306972474429,-1.1634911564344463,0.9910735601148986,-0.030091695741809588,2.286199299664645,0.7395222066946161,2.327182234194229,1.073198944770894,222-251
223,52.245000000000005,18.275000000000006,-1.295000000000016,-6.561999999999955,0,0,-1.3290000000000077,0.0,74.39299999999997,11.765000000000015,53.46500000000003,40.512,70.48499999999996,-15.619,31.34200000000004,48.240999999999985,0.14722871816064753,0,0.2077679736003688,-0.32633594898817364,-0.8681892129541424,-0.0331124312629143,-0.3787425411441916,0,-0.05871165799443645,-0.7111609089920421,-0.8513248580974562,-1.0274619774227745,1.0156098589556422,0,0,0,0,0,0.03090686820505084,1.1536240585258213,0.002228641609860915,1.1755070057097896,-0.04062699822686966,0.004850451963598346,-0.5569746378905194,-0.24199356755026713,-1.08209945009283,-0.31374690534825334,223-252
224,53.539999999999964,18.286,-1.2969999999999686,-6.52800000000002,0,0,-1.3180000000000405,1.2860000000000014,75.70300000000003,13.056999999999988,53.512,41.768,71.81299999999999,-14.311999999999983,32.610000000000014,48.28,-0.7904465005865831,0,-0.18622572127310377,0.35701165241356847,0.07081181635505374,-1.1412161278608508,1.2858521175701654,0,-0.03561191682435094,-0.016344498838492427,-0.7737018891404546,-1.0092946693542615,-1.1829145016408802,0,0,0,0,0,0.007677885674155505,-0.5618717159641164,-0.8529166005980926,-1.2029021579360233,-0.07269610022812145,-0.8794908777343338,0.607767910380403,-1.1541195911689925,0.967198041963222,0.04033506353137284,224-253
225,53.52199999999999,18.310000000000002,-1.268000000000029,-7.836999999999989,0,0,-1.323000000000036,-0.010999999999967258,75.709,11.79600000000002,53.548,41.83600000000001,73.07100000000003,-14.355000000000018,32.644000000000005,48.26999999999998,-1.8275448835223784,0,-1.9489055231067027,-2.211936876058431,0.8606544256680309,1.2018953663244005,1.0252212753427443,0,0.07840503645253705,-3.136412393926065,-1.7088386265344582,2.3182881419323564,1.7279549250208674,0,0,0,0,0,-3.0255164452553913,-1.112565860985029,0.9142194407345414,-0.48949269618975677,-2.1542539591085017,1.5222258585433721,-0.5387728588730027,0.9005424044808876,0.07543374072778875,1.55029139580013,225-254
226,53.51999999999998,19.534999999999997,-0.03899999999998727,-7.813000000000045,0,0,-1.3389999999999986,-1.2829999999999586,78.274,15.638000000000005,53.53399999999999,43.06999999999999,73.05100000000004,-16.944999999999993,33.891999999999996,46.99799999999999,-0.1492162578499574,0,0.7756657307870682,0.20570480931208834,-0.04818552944328758,-1.0760265645847653,1.8745050365313816,0,0.0065954633688960485,0.6120982704574658,-0.3918263594407563,-0.6300381651379041,-2.061616306751347,0,0,0,0,0,0.7906694901349454,0.5870185957206218,0.06677556340861202,0.48167022425786854,-0.6908072714672073,0.3959274356953557,0.20743090378290674,-1.0109667376975722,1.2961005372343166,0.9605023702189186,226-255
227,52.28899999999999,19.574000000000012,-0.014999999999986358,-7.823000000000036,0,0,-1.3400000000000318,-1.287999999999954,78.293,15.63300000000001,52.23900000000003,43.09299999999999,73.10500000000002,-15.692000000000007,33.96199999999999,49.60300000000001,1.2278416720011336,0,2.062124261463765,-0.046111637663258875,-0.7483968110132366,3.015841993689371,0.19122096532856148,0,-0.02732223497868347,0.4700090435735831,1.3647652407676958,4.850084581975835,0.04904661526785503,0,0,0,0,0,0.8241801868494463,1.7420177797423548,3.6669596633548167,1.263383471468103,-0.37617755062701974,-0.2980808083871054,0.5128363946272856,1.1560879958307027,0.8412817945182844,2.758691011150958,227-256
228,52.21300000000002,19.589,0.007999999999981355,-6.557999999999993,0,0,-1.3170000000000073,-0.0049999999999954525,78.27000000000004,16.908999999999992,52.17599999999999,43.12300000000002,73.12199999999996,-18.22,33.923,49.543000000000006,-1.534644528506334,0,-0.4167306676054352,1.5579867904982478,0.5199633575980727,-1.107673259015435,-0.14098283100566533,0,0.022622955465479322,-0.42647097177979276,-1.2164705909943336,-1.042624236359245,-1.2527829230449186,0,0,0,0,0,1.287538769153656,-0.5901716030421085,0.08576055122205162,-0.30823555406661285,2.4459347201303743,-2.8906619375504476,1.191098702244659,-0.7651899068087715,-0.8158623023945779,-1.1893828171223788,228-257
229,50.889999999999986,20.87300000000002,1.3039999999999736,-6.55600000000004,0,0,-1.3290000000000077,-1.315999999999974,74.38999999999999,16.938999999999993,50.89999999999998,43.12700000000001,71.77099999999996,-16.973000000000013,31.358000000000004,49.602000000000004,0.8254756975866684,0,3.469162060825113,-0.6647638427367184,-0.55671529450062,-1.8072220323709658,0.1859482750747361,0,0.010253376797848546,1.3402785035917475,-1.1020838970497664,-2.01747585649818,-1.7740818817817399,0,0,0,0,0,2.608050903111547,1.7644955081962337,0.14009337149704493,1.468516835648785,-0.8504939291959701,2.2835810982347127,-0.5531564663055946,-0.4843977064142706,0.013425798766824926,-1.8799368470861282,229-258
400,52.21300000000002,-30.022999999999996,-1.3550000000000182,-2.5960000000000036,0,0,0,0,28.685000000000002,-20.87299999999999,63.922000000000025,-20.845,0,0,50.88799999999998,1.3309999999999889,-5.430991807288535,0,0,3.95111558442132,-2.792443431269902,0,-5.230039221465205,0,0,-2.4360958597593196,-3.960803799401674,0,-1.0667671310085893,0,0,0,0,0,0,0,0,0,2.443529896736891,0,0.19676245903667677,0,-2.4595879317011438,0,400-429
401,62.63199999999995,-31.289999999999992,-3.8729999999999905,-5.19399999999996,0,0,0,0,33.884000000000015,-22.141999999999996,71.77300000000002,-20.87299999999999,0,0,56.081999999999994,1.329999999999984,-2.0361716684436146,0,0,1.6445761181118534,-0.7450576743146726,0,-5.21126119441162,0,0,-0.9319588256887528,-2.2342801320815795,0,-1.9622159728988606,0,0,0,0,0,0,0,0,0,-0.3912147492290714,0,-4.500227792032163,0,-4.7629495184165975,0,401-430
402,69.14999999999998,-31.292,-2.617999999999995,-6.447000000000003,0,0,0,0,40.43700000000001,-24.788999999999987,78.28500000000003,-19.644000000000005,0,0,57.37900000000002,2.6430000000000007,-0.7443930879146308,0,0,1.7855358677936408,1.018175023016454,0,-6.323203059846321,0,0,1.185391631012351,0.3925722797980882,0,-0.04031699874502692,0,0,0,0,0,0,0,0,0,2.532560957009636,0,-3.275130713190606,0,-6.55067098704707,0,402-431
403,74.37,-31.305000000000007,-3.8729999999999905,-5.203999999999951,0,0,0,0,44.38900000000001,-26.069999999999993,84.83699999999999,-19.554000000000002,0,0,56.15999999999997,3.9380000000000166,-1.750644998731559,0,0,3.614895438829887,-1.3495895075745565,-7.633039910552654,-5.19036794231144,0,0,-1.1836321272758141,0.9831892128868844,5.91793462315789,-0.7834220933038409,0,0,0,0,0,0,0,0,0,-0.0018375293212216093,3.524966737688864,-1.5867315650951923,-0.8123744431058952,-0.9544418089104312,-4.108553993763991,403-432
404,80.89799999999997,-30.051999999999992,-3.899000000000001,-3.909999999999968,0,0,0,0,48.27800000000002,-27.299000000000007,88.743,-19.542,5.1679999999999495,-13.048000000000002,57.435,6.554000000000002,-0.8544649385084995,0,0,-2.6352799998779943,1.3126314549024087,2.7434699878950823,-2.4719021939204,0,0,-3.1863598773543345,-0.898053862770837,-2.3683776706393473,-1.6818818335298147,0,0,0,0,0,0,0,0,0,0.005990945169457973,3.9425870587968888,-4.586571450994256,4.998652090373994,-3.458021701973543,0.02606662964996076,404-433
405,84.87400000000002,-29.960000000000008,-5.199999999999989,-3.9119999999999777,0,0,0,0,54.77999999999997,-26.087999999999994,95.233,-18.274,6.464999999999975,-11.713999999999999,58.72900000000004,9.168999999999983,-2.945710097248025,0,0,4.5941742109694985,-2.2448673898689364,4.989331227259278,-4.01275259510296,0,0,0.6330488700881745,-0.9695712689674281,2.9013616882803035,0.7511377801872356,0,0,0,0,0,0,0,0,0,0.10983659028118353,-0.6138345340041909,0.05112991759489205,0.23963377074456105,-0.7942214231288176,1.3767851822545936,405-434
406,91.34499999999997,-27.364000000000004,-5.2309999999999945,-3.915999999999997,0,0,0,0,57.37700000000001,-26.08099999999999,97.90999999999997,-16.925999999999988,7.81899999999996,-14.337999999999994,61.38500000000005,9.218000000000018,-1.3875365430277498,0,0,2.6312970319661915,1.2877705761523686,2.783211766374542,-0.6628069010469844,0,0,1.7177629848762876,0.4869143143618544,1.8017996597649244,3.1336595019567426,0,0,0,0,0,0,0,0,0,2.7245730930462386,2.1584992239040233,-1.3106502970083653,4.164882665113808,-2.939572915397669,1.256230382274353,406-435
407,95.24899999999997,-23.509000000000015,-6.5090000000000146,0.002999999999985903,0,0,0,0,61.331999999999994,-26.056999999999988,103.14600000000002,-12.99799999999999,9.150999999999954,-14.330999999999989,65.243,10.427999999999997,-1.8214223839446504,0,0,-0.8738182549352942,-1.2201689363118646,-2.3561924920435118,-2.132231051482698,0,0,-3.2404024651245322,-4.501664524355874,-3.254449467346319,-0.4494103414502888,0,0,0,0,0,0,0,0,0,-1.2124268217905012,-1.7031222569058357,-2.522746454168896,-2.9747734653738718,-4.292226569578034,-3.801487166514832,407-436
408,97.899,-22.207000000000022,-5.221000000000004,-1.2629999999999768,0,0,0,0,65.27999999999997,-24.77799999999999,106.97199999999998,-9.195999999999998,14.303999999999974,-14.324999999999989,65.25,10.51400000000001,2.9898105300758573,0,0,0.9641301296998606,-2.995356443209751,5.3118799708813,-4.315783580125178,0,0,-0.2755216008973207,3.4266454221936726,2.874997758552354,2.5298841492546558,0,0,0,0,0,0,0,0,0,-1.3461443385899017,0.8996317112444814,-1.616589082161525,1.1078755719287727,-0.0997720749512041,1.3729117217032467,408-437
409,103.09799999999996,-22.09699999999998,-3.9420000000000073,2.576000000000022,0,0,0,0,67.882,-23.47,108.35400000000004,-9.109000000000009,14.338999999999999,-15.668999999999983,66.565,11.768,-3.5010357515674,0,0,-3.663543300768893,1.3773261734150708,1.3869928539950322,-2.4726549473757586,0,0,-4.989198875589381,-2.0163801299112265,-2.2140689672335725,-1.9645700645758666,0,0,0,0,0,0,0,0,0,-1.3461471766968458,3.567671941200352,-6.853599174123275,3.6287003893964,-3.6777105380734696,-1.274552806792201,409-438
410,105.678,-20.824000000000012,-5.220999999999947,-0.011999999999943611,0,0,0,0,74.31700000000001,-20.865999999999985,112.31700000000001,-7.784999999999997,15.694999999999993,-15.658999999999992,66.65199999999999,11.719000000000023,-1.9934274287464007,0,0,0.03438379020413862,1.3263837263281602,-0.9299604846298379,2.870395595383904,0,0,-0.04280028722882889,-3.0093537669013983,0.6933427133378416,-0.4739056138065223,0,0,0,0,0,0,0,0,0,2.592325603724298,-1.5345595207884273,2.365621876226413,1.0444877513314879,-0.7597119498453715,1.3969219387676048,410-439
411,105.74099999999999,-20.749000000000024,-5.209000000000003,-2.617999999999995,0,0,0,0,74.37200000000001,-20.835999999999984,114.84899999999999,-6.508999999999986,16.906999999999982,-16.908999999999992,69.15599999999995,10.538999999999987,-0.8114762428077995,0,0,0.032515032256192455,0.6755603050017243,1.4420648847782687,-0.7893716540935856,0,0,-0.08225315876094896,1.2348007667022785,1.261985264112468,1.3124165331170161,0,0,0,0,0,0,0,0,0,-1.2861231270097946,0.7190536070469591,-1.5190669994252204,0.009525803901084373,-0.08391654835885731,0.01233090606720566,411-440
412,107.00900000000001,-18.301000000000016,-5.229999999999961,-1.2849999999999682,0,0,0,0,75.618,-19.596000000000004,114.89100000000002,-6.438999999999993,16.94399999999996,-16.96799999999999,69.19400000000002,10.467000000000013,-3.74352335917456,0,0,0.902458722812348,0.31004719476549525,0.5416303044592325,-0.27548140270643984,0,0,-2.753750175375245,-3.9890496519374494,-1.7194990142298536,-1.3649011097402592,0,0,0,0,0,0,0,0,0,1.417307659130067,-0.3123849164189707,1.1596777492978987,0.946248753273693,-2.6380959965665554,1.3720214118214358,412-441
413,107.03500000000003,-17.003000000000014,-7.829000000000008,-2.5889999999999986,0,0,0,0,75.67899999999997,-19.56899999999999,116.13100000000003,-3.9170000000000016,16.937999999999988,-18.221000000000004,69.19900000000001,11.726999999999975,-3.161328670812395,0,0,1.7962934194979638,0.4624301347929105,1.237638347419292,0.44391754334299094,0,0,0.09263731908853856,-0.8544511048125116,-0.7218275182311231,-0.9311121215903881,0,0,0,0,0,0,0,0,0,-0.14868679131727447,0.3553417928977467,0.004927600346604777,0.16185102246528515,1.9586192417770505,-0.10554876352534848,413-442
414,108.30599999999998,-15.694999999999993,-7.8040000000000305,-3.9260000000000446,0,0,0,0,75.69600000000003,-19.543000000000006,116.13999999999999,-5.180000000000007,16.96199999999999,-16.960999999999984,70.46199999999999,10.518,-0.30212293711625193,0,-81.56529425139576,0.8629639949464902,-0.9545793424785458,0.9714293452358334,-1.6243614267407622,0,1.3603661472455428,-1.104730848599928,-0.3321529405981778,-1.903617141282524,-0.9043901836404871,0,0,0,0,0,-17.19010981755804,-80.75090201398658,-4.119252528863797,-54.471668909537954,0.018640142158695028,0.4070130920953332,1.2115638247330338,0.12852282750456823,-0.2529126305846674,1.167175521320715,414-443
415,109.59299999999996,-15.667999999999978,-6.560000000000002,-3.865000000000009,0,0,1.2759999999999536,-9.159999999999968,75.70999999999998,-19.524,116.17099999999999,-5.190000000000026,16.984999999999957,-15.644999999999982,70.46600000000001,11.758999999999986,0.9637411593077161,0,-0.001613310779987387,0.9563096676486111,-0.14102793844835304,1.8220571541136081,-1.0582651812714445,0,1.2718926890367044,0.02616957850568724,2.365915924883069,2.3521506359060993,3.1070587943188173,0,0,0,0,0,0.9077810877434729,1.7622471442712992,2.6397608630586262,1.272551119573052,-0.10601043614328631,-0.7571927354353605,0.8920340923611576,-0.10020595752983752,-0.18093886916418356,1.3686299444907348,415-444
416,110.88900000000001,-14.37899999999999,-6.550000000000011,-1.3240000000000123,0,0,2.5699999999999363,-7.849999999999966,75.72500000000002,-18.299999999999983,116.15100000000001,-5.213000000000022,16.983000000000004,-16.936999999999983,70.49599999999998,11.722000000000008,-0.46232390157183545,0,0,0.07083250629731452,1.4908689493796103,0.28284586998579186,2.3381845811309176,0,0,-0.1776662965365574,-0.03068888556128968,-0.011569433298888043,0.39808067109322565,0,0,0,0,0,0,0,0,0,-1.2148374800744435,1.15664481841646,-0.2193320965615584,-0.013038143073700326,0.4510874327791541,1.2066562325986325,416-445
417,109.656,-13.108000000000004,-6.531999999999982,-1.337000000000046,0,0,2.5699999999999363,-7.849999999999966,76.93700000000001,-18.282999999999987,116.12399999999997,-5.203000000000003,16.989999999999952,-16.924999999999983,71.74400000000003,11.725999999999999,3.67106433066013,0,0,-0.029595062922290083,-0.45022836849535963,-0.009936870805887565,-1.5842697038755347,0,0,-0.010414066426307045,4.0041870904702535,0.060932374380314513,1.6869803161865207,0,0,0,0,0,0,0,0,0,0.09193132358200273,-0.003907819749151997,-0.0009921043436094124,-0.10231327286075498,-0.6973259024481564,0.02462603522847928,417-446
418,109.61800000000005,-13.084000000000003,-3.883000000000038,1.2460000000000377,0,0,2.5699999999999363,-7.849999999999966,76.95600000000002,-18.269999999999982,114.88,-5.156000000000006,16.992999999999995,-16.983000000000004,70.48399999999998,13.002999999999986,-3.5153642153854605,0,-2.0282716943412424,0.8968525321084542,-0.08533677264027517,-0.9438321076139715,0.9974656156523807,0,-0.0231486297966228,-1.115307057597704,-4.607411291358716,-1.212579804983534,-3.6893624765999675,0,0,0,0,0,-1.0035293812476596,-3.352349866949737,-0.8249413549965254,-0.5276225490386537,1.3477820404756855,-1.1973293631903985,1.1980033963054524,-0.11192650758644618,-0.5321045286430746,-0.01702248853652577,418-447
419,108.303,-11.758999999999986,-3.8909999999999627,-1.2589999999999577,0,0,2.5860000000000127,-9.147999999999968,75.71699999999998,-18.236999999999995,114.78199999999998,-2.6239999999999952,17.005999999999972,-16.926999999999992,70.40899999999999,14.313999999999993,-4.7420803527459725,0,1.8174695106805245,-0.8097339915809627,0.4031507550602953,-1.246528386133889,0.37542357073954236,0,-0.04201473544780754,-0.006248122173161619,-3.250935068119105,-0.03495409471321409,0.04584044585331526,0,0,0,0,0,0.9867358320622373,1.6968522094738319,0.797243907171719,0.047392353891979155,-1.176663417207969,-0.013689285177612476,0.2959070427449717,-1.2099530216022316,0.4373748219221767,0.05833052100946645,419-448
420,105.69900000000001,-10.431999999999988,-7.822999999999979,-3.8870000000000005,0,0,2.5860000000000127,-7.857999999999947,75.67899999999997,-18.230999999999995,110.97699999999998,-2.569999999999993,16.990999999999985,-16.89099999999999,66.53399999999999,11.724999999999994,-1.9988967205110555,0,-1.9165479239761396,0.9482825563020612,-0.70507150904875,-1.1693004468573633,-7.195677753412298,0,1.4312014124498802,1.056070655757793,1.8986723813305844,-0.9179201481030645,-3.290911157158547,0,0,0,0,0,-1.0201228026263323,0.01632168888505703,-2.550668850307204,-0.9185051844661132,-0.1837262191502944,-0.8240413047076771,-3.4330276137706903,-1.079011291427193,-2.0688850308084703,-5.102638337360659,420-449
421,104.44,-6.598000000000013,-9.137,-3.915999999999997,0,0,2.5919999999999845,-9.162999999999954,75.69900000000001,-18.186000000000007,105.75100000000003,-1.304000000000002,18.239999999999952,-15.669999999999987,57.47300000000001,14.319000000000017,0.008863732823968462,0,0.8132700777059654,-1.7332432098070356,0.7112401824866978,-0.3897631424605663,5.978857936616059,0,-0.04741595771585594,-1.249355423318093,-5.236614326048652,-0.7104651985921464,-1.244513042632093,0,0,0,0,0,-0.9444146024430609,-1.1012959091203243,0.14104340591208597,-0.07187133228333664,0.013846300529550604,1.1312714842357678,-0.30019819826055993,1.1993751805749042,0.3372308296396298,1.1150162928849738,421-450
422,97.97899999999998,-3.9090000000000202,-7.791999999999973,-6.477000000000032,0,0,2.5720000000000027,-10.444999999999993,75.66899999999998,-18.192999999999984,103.118,3.8419999999999845,17.022999999999968,-15.667999999999978,56.08300000000003,13.105999999999995,0.8129732364193814,0,-0.9519550371982177,0.007300085956657654,1.074965720093708,0.33851930775202277,-4.050038424302173,0,0.09146756038177273,0.007576886191856147,3.520307280524321,1.1376975718046936,-1.166701412929939,0,0,0,0,0,-0.9578790927525915,-0.03274747407530754,-0.03622215280844898,-1.184546295331387,-0.09847727464968159,-0.35366565994294064,0.02885891503662208,0.01773238527599119,-1.7078398862369468,0.12384112496884825,422-451
423,96.654,-2.6069999999999993,-7.815999999999974,-5.171999999999969,0,0,2.5570000000000164,-11.739999999999952,75.654,-18.198999999999984,100.495,2.602000000000004,17.002999999999986,-16.897999999999996,50.90700000000004,15.679000000000002,-0.2340077782648251,0,-0.8699195754914228,2.626676960505719,-2.51039538671764,-0.3388258305064227,-2.2163367989492073,0,-1.2264474569908828,-5.816239648339348,2.611804456132404,-1.1652591211020535,-0.038822765815382354,0,0,0,0,0,-0.8651831121402154,-0.6296816949828496,-1.7751754663567567,-0.5050933367342623,-4.492775745749611,0.3589044313521015,-2.5870990936553824,0.10590040911066012,2.5279567905492186,-0.10439968370657482,423-452
424,95.327,-1.3269999999999982,-7.839999999999975,-5.191000000000031,0,0,1.3059999999999263,-11.774999999999977,70.45899999999995,-9.087000000000018,93.99600000000004,2.6299999999999955,17.00799999999998,-15.657999999999987,46.947,15.652000000000015,0.9258538716685649,0,0.02209886534600969,-2.5912590144124223,-0.9461272740483508,0.00948439036005766,-1.543120797056659,0,-0.02193618727326907,-1.7709796197401033,-0.0117045113715335,-0.0031172935064205376,0.9245488574254637,0,0,0,0,0,0.01663616400725232,0.018412864205600954,0.023995125691328667,0.041644404161274906,-0.736207004892858,0.008873665732906488,-2.480361555398332,0.00735840337387117,-1.5151951697318147,0.05053074896029841,424-453
425,91.37800000000004,-0.002999999999985903,-6.540999999999997,-6.504000000000019,0,0,1.3079999999999927,-11.770999999999958,66.52199999999999,-5.162000000000006,88.726,3.958000000000027,16.984999999999957,-15.661000000000001,40.50200000000001,13.02800000000002,1.294775201145356,0,0.876684917146207,3.7587245024960154,1.823973639999899,-0.030120889800130612,5.163136189961293,0,1.237326505093705,2.017795376812245,0.9395208949157166,-0.020577381388875438,2.2799094018215555,0,0,0,0,0,0.8591002982215912,0.6272641747806063,0.9766153074803015,0.03509958182496575,-4.0555130718095995,-0.004769807743272736,-0.30473290314378687,-0.0037130402387077766,2.8327650391157206,1.247846208353252,425-454
426,83.49200000000002,6.513999999999982,-3.9359999999999786,-5.215000000000032,0,0,2.562999999999988,-11.750999999999976,62.59700000000004,-2.5430000000000064,80.91000000000003,7.854000000000013,16.989999999999952,-15.626999999999981,36.48700000000002,11.728000000000009,3.3023046082757332,0,-1.7684431870570734,0.4432042619770442,0.03649606272749395,-0.03105278768879316,3.3483349357689534,0,-1.2508559641795358,2.4399581968048665,-0.9488916456774348,-1.17272226333219,0.8734497972158977,0,0,0,0,0,-0.8671641324665984,-0.6627237525713383,-1.796726741757908,-0.04475496064651452,-5.954701309408897,0.3965478633133017,-3.991199905456142,0.12432971843870178,0.026597981018497308,-1.3498392828640533,426-455
427,73.05200000000002,10.39700000000002,-2.6030000000000086,-3.887999999999977,0,0,1.3039999999999736,-11.770999999999958,58.68000000000001,-1.2349999999999852,71.78000000000003,13.076999999999998,16.996999999999957,-14.347999999999985,28.714,10.456999999999994,-2.0502511202713123,0,-0.939322292527919,1.0332511530604407,2.5653575295275814,-0.012623917431369591,6.898908312031033,0,0.10622284312367469,-0.767510480972021,-0.5644967462633304,-0.03286808917681583,-0.25266259220549614,0,0,0,0,0,-1.8374911787232406,-2.1974099486876923,-0.8018131157004689,-1.686546933224264,-2.309919526749347,-0.40322694062751196,3.255750978350818,-0.18402687181431077,5.122979005859179,1.2484226436316845,427-456
428,63.946000000000026,15.604000000000013,-2.6189999999999714,-5.189000000000021,0,0,1.3009999999999309,-13.043999999999983,52.17099999999999,1.3130000000000166,62.56400000000002,14.337999999999994,17.015999999999963,-14.337999999999994,26.062999999999988,9.175000000000011,3.386740620196818,0,-0.01320462371074882,-2.559675278935625,-0.16495879907588318,0.03301002849498502,5.342801372052655,0,-0.017510351083942055,2.151222123789239,2.952589662055658,0.04978037782245792,1.7676844630571509,0,0,0,0,0,-0.01351877723973871,-0.021086603859544084,0.02353337639354436,0.007222105381686106,-4.804487051537642,0.008541106317125013,1.0196437908772111,0.01887026488824972,5.6693563740053285,0.038160788899233467,428-457
429,54.80599999999998,18.200000000000017,-2.5710000000000264,-2.5679999999999836,0,0,1.2859999999999445,-13.04299999999995,46.935,3.905000000000001,52.18799999999999,15.627999999999986,16.988999999999976,-14.359999999999985,22.187999999999988,9.114000000000004,3.570260465846175,0,0.955256900154609,-3.951443599483671,1.948745905432311,0.32769880925998507,5.217254342708387,0,-1.319342488843489,2.5994898169582825,0.6821625261460156,1.6516833208905553,-0.8660912578566524,0,0,0,0,0,0.9681485299547603,0.012673308350656498,1.5823956894313085,1.186315488952971,-2.3349930725883183,-0.3701074544954608,-0.20142791962051376,-0.2179480001129548,1.8274753816813742,0.06989390144413221,429-458
454,57.39799999999997,2.6619999999999777,1.25,-0.019000000000005457,0,0,-0.028999999999996362,-3.9259999999999877,52.18799999999999,7.806999999999988,36.536,6.576999999999998,19.485000000000014,-2.548000000000002,5.238999999999976,-3.880000000000024,1.8266759455996322,0,-4.186475924398906,-0.09434411757211336,1.17150173600211,2.8520343089922164,-1.265204783932532,0,-0.006785471628745654,1.7884990839351644,2.8204969272081826,-0.924281297220972,-0.520447181365995,0,0,0,0,0,-4.09243991992642,-2.2021772488846807,-2.931133828318309,-0.03509958182496575,-1.3307191334581034,3.879926662215837,-1.2213851743594262,2.557747535024234,-1.04856112272018,-1.247846208353252,454-483
455,62.68099999999998,3.90300000000002,-0.025000000000034106,-0.04699999999996862,0,0,-1.30600000000004,-3.9470000000000027,58.750999999999976,7.773000000000025,41.76399999999995,6.5519999999999925,22.15300000000002,-2.6850000000000023,3.9799999999999613,-3.8600000000000136,3.5559299465335243,0,-3.5605892711608647,1.714593753173439,-0.683750085108155,1.8038981250367385,1.0282169209075178,0,-1.4075129906531743,0.5786384291249078,0.1777938081379773,-0.5974628886515916,0.5230712062183045,0,0,0,0,0,-3.3238220827319367,-0.6636894255833568,-4.980376427976864,0.04475496064651452,-3.935487921188713,-1.669193840882528,1.222411021334878,-5.295866983690743,1.0713806538261963,1.3498392828640533,455-484
456,71.73199999999997,3.968999999999994,-0.051999999999964075,-1.3179999999999836,0,0,-2.6240000000000236,-3.91700000000003,65.32900000000001,7.776999999999987,44.40199999999999,6.457999999999998,29.963000000000022,-5.209000000000003,5.250999999999976,-3.8940000000000055,2.1159704850241354,0,-3.462078578128171,0.057510743880953896,3.4342024135083804,1.640190748812131,-1.2386990801244409,0,1.140824305206948,3.320001114972399,4.930437762461651,-2.3880080025809036,-0.4868312425222996,0,0,0,0,0,-3.060051722398896,0.644350545814234,-3.796018365531012,1.686546933224264,-2.6258136628736963,4.279079129279118,-0.9371005724467381,1.4755637665905965,-0.46007684620091993,-1.2484226436316845,456-485
457,78.26799999999997,6.579999999999984,-1.295000000000016,-1.3410000000000082,0,0,-2.62399999999991,-2.63900000000001,74.41699999999997,7.859999999999985,50.942999999999984,5.255000000000024,35.15300000000002,-3.969999999999999,3.981999999999971,-3.9090000000000202,3.0392443457254075,0,-0.9585781484431664,-2.6992530890432747,-0.021793893003899,-2.5771526615339155,-0.01501241615168425,0,1.3037812201625343,1.8100205589548182,1.9846878048037127,-1.0993357663726613,-0.036701473321414824,0,0,0,0,0,-3.5431283401275664,-0.48348007290184114,-4.610483357526874,-0.007222105381686106,-3.9882259344782405,-0.008652322682166869,-0.010314400742998941,-3.9618859857362168,0.005279921713285063,-0.038160788899233467,457-486
458,82.156,6.579999999999984,-2.5960000000000036,-1.3419999999999845,0,0,-2.615000000000009,-2.629000000000019,80.94400000000002,9.094999999999999,53.51400000000001,5.242000000000019,41.69,-3.9180000000000064,3.9710000000000036,-3.8910000000000196,0.6114394400680538,0,-3.0838499641204464,1.9406546763472647,2.20729691875151,-3.3765443662945387,-0.003202250727554201,0,0.043923129589302334,2.073304957156381,1.476161323180861,-0.9604533730880007,0.5059393642114003,0,0,0,0,0,-1.1050838025502117,-0.3047825654155645,-5.983186254793679,-1.186315488952971,-2.7060300726638893,-3.5038864222841184,0.004665460583836989,-6.290343944340663,0.6141193873540942,-0.06989390144413221,458-487
459,86.11900000000003,9.155999999999977,-2.5600000000000023,-0.07500000000004547,0,0,-2.630999999999972,-2.6310000000000286,84.906,9.110000000000014,54.83699999999999,5.292000000000002,49.52799999999996,-2.632000000000005,3.973000000000013,-3.88900000000001,1.390280666483676,0,-0.7245391541505484,-0.00858801956515265,-0.0092513910898262,2.038777842012564,0.004368082005278495,0,-1.3003295022010803,0.6581518725968181,-0.2631161544199472,-1.9775973781658251,-0.48526519252376943,0,0,0,0,0,-1.2067841269007147,-0.009290422144999866,-1.6447196933901012,-0.0035429257652310753,0.0010010369663646657,2.835644482417308,0.00582640234677001,0.07464326465004945,0.0006864244934128294,-0.08696133981797516,459-488
460,91.28499999999997,9.191999999999979,-0.06099999999997863,-1.3290000000000077,0,0,-1.3250000000000455,-2.6030000000000086,90.10000000000002,9.133999999999986,54.83800000000002,5.293000000000006,52.22200000000004,-1.4209999999999923,3.9799999999999613,-3.8980000000000246,1.6922972557609626,0,0.02159276180317704,-2.3626750231642504,0.030168818761872274,-5.357778241761281,-0.23814495670517033,0,2.5238992537685476,2.876110050731455,0.0057182644237627756,2.2900254241058633,-1.1686719797287992,0,0,0,0,0,-1.1486593998752426,0.029245258494171367,-2.293624756945519,-1.1326442242492476,0.005754779894274975,-2.4957432272283313,0.2805089938430143,-0.0007956751505560078,0.5526145364606307,0.0620430337472726,460-489
461,91.38000000000005,9.159999999999997,-2.601000000000056,-1.3700000000000045,0,0,-1.3299999999999272,-2.600999999999999,94.041,9.15100000000001,54.84000000000003,5.274000000000001,58.71700000000004,-3.944000000000017,3.964999999999975,-2.646000000000015,-0.03785405366784289,0,-0.1807088924312552,-0.7303338235048713,-0.0003773205315340533,-0.5035748882897337,0.2472362837959281,0,1.2116211174463416,-0.013161971940718331,0.28539049518235515,0.796120992492348,1.6327969351366107,0,0,0,0,0,-0.6685445608619034,0.006357243890221298,0.1560442185859756,1.11752339251359,0.0025922069446977503,-0.34893899539899564,-0.27122174769058915,-0.07339831827449927,-0.5350814115868516,0.01693507456806742,461-490
462,92.65100000000001,9.134999999999991,-3.8770000000000095,-2.6270000000000095,0,0,-1.3010000000000446,-2.622000000000014,96.60300000000001,9.135999999999996,54.83100000000002,5.2760000000000105,61.34699999999998,-6.521999999999991,3.961999999999989,-3.856000000000023,-0.8748602111607653,0,-3.117209820766533,-0.6971672403500406,-0.014104557129059003,-0.772429861722074,0.01498048033887045,0,-2.393235527325672,-0.0343160301943044,-0.008373561002827046,1.2675976444339199,0.022847017604334496,0,0,0,0,0,-3.4254657476876673,-1.7753695354954857,-2.6248242463428824,-1.7015395338025598,-0.02377868067591038,0.08176401269505362,-0.00597834464660707,-0.0332526439630243,0.010231342208683714,-0.009175292458749595,462-491
463,93.959,9.167999999999978,-1.2980000000000018,-2.641999999999996,0,0,-1.2959999999999354,-5.208000000000027,99.22700000000003,9.162000000000006,54.81400000000002,5.290999999999997,63.962999999999965,-7.821000000000026,3.967999999999961,-3.8629999999999995,2.4917396482418326,0,2.692034507857585,-1.4763427035886139,0.08463701771487564,-3.5838418843370903,1.009220643012803,0,1.0773920221534183,2.5247156545532334,-1.2479059346775614,0.40452774237542144,-1.1298729982173086,0,0,0,0,0,1.2471882886415244,0.01998699532481396,-1.1334626720528718,0.05854339400301001,0.09867363022492981,-0.8915450917340522,0.27885390339410776,-0.029103763300852847,-0.01290686115575923,-0.025702526495848588,463-492
464,95.24299999999994,9.174000000000007,-2.561999999999955,-2.6240000000000236,0,0,-1.3070000000000164,-2.649000000000001,103.08299999999997,9.189999999999998,54.78800000000001,6.561000000000007,69.15899999999999,-7.8019999999999925,3.951999999999998,-2.640000000000015,0.9530784896572442,0,-0.3600619275478323,1.729143557450314,0.8373136422761078,0.9598587110210275,-0.022736723493217426,0,-2.509473486717795,1.1839237122258623,1.2675554463959884,2.662906253776555,0.006051785858744552,0,0,0,0,0,0.771238978288352,1.1034168006466416,-0.13558169486182692,-0.009037682309639195,-0.0982727181733054,-1.1546339023752736,0.01167982330954942,0.07634139154993136,0.5687970420731432,-0.008087899425390788,464-493
465,97.83699999999993,10.390999999999991,-1.311999999999955,-1.337000000000046,0,0,-2.5710000000000264,-1.342999999999961,104.39699999999999,9.153999999999996,54.78899999999999,5.292000000000002,71.75400000000002,-9.093999999999994,3.9459999999999695,-2.623000000000019,-0.06591838040814935,0,-0.05610311633893161,-0.805279610942307,1.7797868697790307,-1.182231908063315,0.0011187207791678588,0,0.05282105073378318,-0.4306442369876322,1.2807307651663962,-1.1150213839665923,-0.4889311171926636,0,0,0,0,0,-0.925624387409357,0.02816651415719207,-0.7818360140912546,-0.6814650909856823,-0.14315859908441553,-0.021274833368728707,-1.2104653992921328,0.05452386884880411,-0.6131815719311611,-1.2514018630553778,465-494
466,97.87899999999996,10.359000000000009,-1.29200000000003,-2.5960000000000036,0,0,-2.5960000000000036,-2.6159999999999854,105.649,9.144000000000005,54.763000000000034,3.9869999999999948,73.02999999999997,-9.126000000000005,2.673999999999978,-2.629000000000019,2.6461017218803136,0,0.027613891683301972,-0.44841206877795514,0.013380363460129274,0.5847798051441515,0.0040322027635539825,0,0.0034832249955485395,1.1128768146935784,-0.0006589163210151128,1.290136095740479,-0.03440923252864536,0,0,0,0,0,0.019275504431561785,0.014676794454373976,-0.0049407232398550605,-0.013018000361711302,0.008557089125716288,0.004134431254442461,0.008347455165477413,-0.007016870917681217,0.005658699996594407,-0.01439081778219986,466-495
467,99.09500000000003,9.120000000000005,-1.257000000000005,-1.3519999999999754,0,0,-2.591000000000008,-2.6200000000000045,105.726,9.132000000000005,54.75600000000003,3.973000000000013,73.11399999999998,-9.170999999999992,2.659999999999968,-2.6110000000000184,-1.4933648134685455,0,1.6641100391606614,-0.5363531961688963,0.06606238320136981,-4.61442817124005,0.9468581058212635,0,-0.11176147943056947,-0.9555301225767892,0.942773777943188,-1.1160765149941767,-0.029885163010760607,0,0,0,0,0,0.5781700666917402,1.6880185065581088,-2.2081353848343213,0.02290726891700956,-0.12056219619287845,-3.791044421726383,1.1972075113889389,-1.1683697005219358,1.552687901920148,-0.03950556273149175,467-496
468,97.875,9.108000000000004,-0.0030000000000427463,-2.659999999999968,0,0,-1.3129999999999882,-2.6030000000000086,105.71499999999997,9.132000000000005,53.55200000000002,2.725999999999999,76.964,-9.100000000000023,2.6359999999999673,-2.6200000000000045,-1.0555148350004941,0,0.8800470171856887,-1.0548417987078693,-0.023048644085619685,-2.3299719049015124,-1.2302089190781018,0,-1.4236553949291704,-2.0303024415561595,-0.2574789698049642,-0.4982777601816508,-1.0217334519304302,0,0,0,0,0,-0.3075395625300814,1.125905782471591,-0.6400505099616112,1.6482547301570776,-0.010645054055643755,-2.3927970814942014,-1.2134478454502613,-0.0012920074776161528,-1.1533310605646712,-1.2337621131820953,468-497
469,97.88499999999999,7.869999999999976,1.2900000000000205,-5.216000000000008,0,0,-1.302000000000021,-2.6240000000000236,105.74399999999997,9.11099999999999,53.53399999999999,2.718999999999994,79.54699999999997,-10.390000000000015,1.3770000000000095,-2.6000000000000227,0.004984238536394514,0,-0.898664333395601,-0.026072406888793864,-0.012585188476798237,-1.7075250220840275,-0.32089524640197453,0,0.10472272156556528,-0.01456406122719045,-0.039244735250775875,-1.1368356455379,-1.211091839687839,0,0,0,0,0,-0.9266284961375106,-1.0860718990088003,-2.533151770406704,-2.3441088070306932,-0.009829610665285315,-1.4094464711353112,0.2515325023628776,0.004402132562304928,0.4037891320338325,0.06568252089692805,469-498
470,97.88,7.8300000000000125,1.2900000000000205,-5.281000000000006,0,0,-1.2730000000000246,-3.907000000000039,105.75800000000004,9.092000000000013,53.52199999999999,2.7079999999999984,80.83299999999997,-9.117999999999995,1.3559999999999945,-1.3370000000000175,-0.8407770261076024,0,-0.2643241724597516,1.0461756052840627,0.002391529949917981,0.46832607658022596,0.2927696489182239,0,-0.07943432823479668,0.030945372377516378,0.04816846068345626,0.01089357808265845,1.1485869651627922,0,0,0,0,0,0.9525801867751511,1.1326406022976698,0.7534045894082624,2.3334522523356327,-0.004832240784125474,-0.03872234501417182,-0.2640377744122304,-0.02197001691126843,-0.39108253072607724,-0.09621416372831959,470-499
471,97.88499999999993,9.045000000000016,1.2970000000000255,-5.2339999999999804,0,0,-1.2690000000000055,-2.630999999999972,105.74799999999999,9.100999999999999,53.50600000000003,2.6829999999999927,80.86399999999998,-9.087999999999994,1.339999999999975,-2.5740000000000123,-0.9845016319282252,0,1.702107050660004,-0.8415107773016715,0.95301004103964,-1.0416552243562194,0.939286022769231,0,1.224068176104666,-1.0893902955878048,0.04713903637798467,-1.15568136464222,-1.1124438148503089,0,0,0,0,0,0.8180234198559617,0.6680510130050834,1.2797918476580321,-0.673416768677555,0.007913306372323348,0.44387685387509634,0.28705403376856964,0.005191681607755072,0.41918620831134845,-0.009852295068824901,471-500
472,96.60700000000003,9.069999999999993,1.2690000000000055,-6.492000000000019,0,0,-0.019000000000005457,-2.6129999999999995,105.73200000000003,9.150999999999982,53.49600000000004,2.665999999999997,80.85400000000004,-9.099999999999994,1.3410000000000082,-1.3210000000000264,-1.8689115277770725,0,0.06181225737009299,-0.6083087012009045,-0.04466450286275858,-0.4968703501260876,-0.35993887041496464,0,-1.4172820137440567,-1.5251467074934624,-0.000529957623541577,-3.7668515144199546,-1.1508813937307139,0,0,0,0,0,-0.1625641339312267,0.46925514586058625,-1.2350283113086675,-0.4817103458272527,-0.025386882399573096,1.1104722941608927,0.25412312387341274,-0.024909051958772466,0.38585774694087505,0.07984689673766354,472-501
473,96.61599999999999,9.088000000000022,1.2699999999999818,-9.05600000000004,0,0,-1.2869999999999209,-1.3500000000000227,107.00200000000001,9.153999999999996,53.459,2.6910000000000025,80.846,-7.88300000000001,1.329999999999984,-0.02400000000000091,0.9289841544669173,0,0.8887156044673077,-1.0520590795384805,0.9110182096279971,-1.2432158311707724,-0.33621190739344087,0,1.2811329536706495,0.07637900293241273,0.2968817181153156,0.7817134521205276,-1.1886354245940538,0,0,0,0,0,-0.30037167828120914,0.04730455215124607,-0.0014243032059937377,-0.7595142239320296,1.2085019829089916,-1.1193302151150775,0.2780922986722061,-0.036478263039825265,-0.8327512757377349,-1.160864784372876,473-502
474,95.35200000000003,9.088999999999999,-0.006999999999948159,-7.800000000000011,0,0,-1.2999999999999545,-1.3099999999999454,105.743,10.352000000000004,53.428,2.6599999999999966,80.887,-7.8799999999999955,0.11199999999996635,1.2860000000000014,0.853017693774774,0,0.8685982116705304,0.22850190175812912,0.8386028226681432,-2.331428754127316,1.5993331090507326,0,0.021155477456858307,2.133015219777832,0.8954709400631486,1.4545869362201245,1.1669073492969062,0,0,0,0,0,1.220073843763771,1.6780765015952,-0.6638611195390638,1.188918379357375,-1.3805987320606192,-1.3991819989249876,-0.17457539171640235,-1.2305880714187225,1.2147073667388604,-0.04041786750097742,474-503
475,94.07600000000002,9.064999999999998,0.011000000000024102,-6.499000000000024,0,0,-1.2980000000000018,-1.3210000000000264,105.69500000000005,9.132000000000005,52.174000000000035,1.445999999999998,82.10899999999998,-7.873999999999995,0.11899999999997135,0.0,2.5161607558355854,0,2.775915285585569,0.843914399402415,-2.643589317500023,0.46037098722396763,-0.30056003344574833,0,1.2799634912457378,2.6672188353542765,0.6976608629323096,3.5481583571693704,1.1680955461696954,0,0,0,0,0,3.62365112844401,3.1150445347093125,3.5946436212726667,1.69299008679522,-1.0863316102672513,-1.1355346280688892,1.503748711843926,-2.5932810549625316,2.5291446709537233,0.059619788052216904,475-504
476,93.993,7.811000000000007,-0.02800000000002001,-5.228000000000009,0,0,-0.05000000000006821,-0.03100000000000591,104.37100000000004,7.856999999999999,49.57800000000003,1.3629999999999995,82.09899999999999,-10.361999999999995,0.10899999999998045,-0.020000000000010232,-1.4771823205692556,0,0.7981681586707623,1.8102627289338855,-1.917393336084757,-1.2941655668192311,2.3440057348425896,0,0.042347487153648444,0.4274998384906894,-2.4773246884675473,-0.6667996150235638,-1.1994905743120512,0,0,0,0,0,2.6099284256539477,1.3478185798604443,0.23379884277863994,-1.191513531192527,-1.0974959552492933,-2.3473344525424977,3.9336555856721276,-3.9012835586351002,4.870616421241685,1.1336346584650983,476-505
477,91.39399999999995,7.789000000000016,-0.020999999999958163,-6.491999999999962,0,0,-0.004000000000019099,-1.3120000000000118,100.50200000000001,6.543999999999983,44.434000000000026,1.3120000000000118,80.85500000000002,-10.383999999999986,0,0,-1.7890008843803287,0,3.4419986921059547,-1.7965596884782045,4.682370755028202,-5.025125948309068,0,0,-1.3195381498240124,-0.8300474286160124,0.8059827665751982,-0.8153387849787066,0,0,0,0,0,0,1.7257938226300382,1.1714021759438538,0.02286307340125404,0,2.323208604474864,-2.542229803789958,0,-0.045381250372372506,0,0,477-506
478,84.856,7.763999999999982,-0.009000000000014552,-7.800999999999988,0,0,-1.2770000000000437,-1.3120000000000118,96.61500000000001,6.532999999999987,43.05799999999999,0.07900000000000773,79.53899999999999,-10.369,0,0,0.3293298980542261,0,5.323990438401296,0.9675081490530388,-1.774052748395107,-4.672628029047289,0,0,-0.16564795027191792,2.796637524326144,-1.9384782030295185,-0.7461931886865898,0,0,0,0,0,0,6.387285797311307,4.098154175148693,0.7718890657189377,0,-0.8913191041167181,-3.79706957566853,0,-5.1990152333032285,0,0,478-507
479,79.62900000000008,6.478000000000009,0.0030000000000427463,-7.784000000000049,0,0,-1.31899999999996,0.027000000000043656,91.31599999999997,3.9509999999999934,36.559000000000026,0.04400000000001114,78.25,-9.119,0,0,-1.85111727458262,0,5.703690026977952,1.525031682494685,2.762803642232303,-3.6295028989063383,0,0,-1.4086632061050466,0.6595377513480969,-1.325533205351661,1.3762239069596376,0,0,0,0,0,0,6.988741000748718,2.8828500519555575,3.410831266033995,0,3.9841112067269364,-4.7892947222401006,0,-0.04917490269072289,0,0,479-508
480,71.75399999999996,6.4909999999999854,0.009000000000014552,-7.811999999999955,0,0,-2.592999999999961,1.30600000000004,82.25600000000003,2.5989999999999895,32.62299999999999,0.036000000000001364,74.33499999999998,-9.080999999999989,0,0,-3.845348285309555,0,2.8990397346962737,-0.7841562423903952,2.6399386254974857,-6.554710478739452,0,0,1.4024656799305433,2.428111766855011,-3.363309641015121,1.1436391162742723,0,0,0,0,0,0,3.9621309617139957,3.4972481446339714,1.0898388413096143,0,0.16579568819174995,-2.9391950934306905,0,-5.242819247261849,0,0,480-509
481,61.39500000000004,7.867000000000019,1.3139999999999645,-6.536000000000001,0,0,-0.04600000000004911,-1.3319999999999936,75.62599999999998,1.4019999999999868,24.817999999999984,0.03999999999999204,70.51999999999998,-7.837999999999994,0,0,-2.20168924037705,0,5.824488042170799,-0.1295839099322862,3.5398484375790034,-7.315232713919613,0,0,0.01089229741130282,-1.0313457724906812,0.012347277504858312,1.59112073635211,0,0,0,0,0,0,5.906784652984811,2.136390863873544,2.1374120297159322,0,7.651523624541298,-8.586307534600365,0,-1.3181161070773868,0,0,481-510
482,52.26599999999996,7.864000000000004,1.3360000000000127,-5.260999999999967,0,0,-0.0049999999999954525,0.016999999999995907,65.31700000000001,2.6019999999999754,22.15300000000002,0.11899999999999977,69.132,-7.744,0,0,-5.97893847001032,0,1.3172443007814536,0.9844064568810751,1.6513641675852,0.48846871732919794,0,0,1.1567882609947162,-4.998985917023077,-3.335441143143697,0.750955350361636,0,0,0,0,0,0,2.7475397215989403,-1.062472076606639,5.968004230052458,0,5.23338306291231,-1.4487919524240027,0,3.896125977092865,0,0,482-511
729,50.983000000000004,-32.64899999999997,18.298000000000002,-5.187000000000012,0,0,0,0,49.54000000000002,-40.547,62.545000000000016,-29.982,35.301000000000016,-39.18299999999999,56.19,-15.639999999999986,1.6692666515148176,0,0,2.1518066425560143,-4.13030586460593,3.270709488064668,-1.5064327954394088,0,0,1.8849434659354927,0.4213099914074405,-1.0986560032679336,3.6728845245874595,0,0,0,0,0,0,0,0,0,-2.29339255009495,1.7417402217377678,0.6678260678493046,0.20833919552340774,1.8829142373219128,2.1883059284707542,729-758
730,62.60899999999998,-37.897999999999996,24.790999999999997,-5.2309999999999945,0,0,0,0,58.67099999999999,-45.613,71.79599999999999,-31.292,43.096000000000004,-41.846000000000004,66.58500000000004,-19.453000000000003,2.6920860252258194,0,0,0.9464522167124052,-0.36771608999399064,-1.1283461254032332,-1.5123099971741993,0,0,3.90430871923391,1.8801595058028795,1.3836493713715186,1.6633615235311936,0,0,0,0,0,0,0,0,0,0.5285499112023899,0.04151985125172075,-1.1950139640836,-1.2489662229235137,-1.9191528050921178,-2.0065482365571654,730-759
731,71.762,-40.46600000000001,28.739000000000033,-2.609999999999957,0,0,0,0,67.857,-50.93900000000002,83.452,-32.626000000000005,52.27600000000001,-48.30799999999999,77.04700000000003,-18.268,-2.818654367747598,0,0,1.2524751131187912,2.478092707343663,0.6725970848896239,0.8217432370122282,0,0,-1.8621951509486507,0.24262280243939927,-0.8856556347012372,-3.3868923873002927,0,0,0,0,0,0,0,0,0,1.4258472479118822,-2.0682964895308267,2.063042399343601,1.058814684346288,1.7667246919873918,-0.5668382516484769,731-760
732,82.19299999999998,-41.754999999999995,35.216999999999985,-5.19399999999996,0,0,0,0,76.97700000000003,-53.50200000000001,93.94200000000001,-36.536,61.399,-52.28,90.08300000000003,-18.298000000000002,-1.0997352728834358,0,0,0.06316093606072215,1.6043927698684044,-0.19990899862262523,-0.5432856653904139,0,0,0.5678388739840443,0.505975345581021,-2.459762192868425,-0.7502044390830349,0,0,0,0,0,0,0,0,0,-1.17034733654382,2.8458745279762,-2.3125235804368742,1.0844845248896036,-0.9866369003485218,-1.5816799912593353,732-761
733,92.63299999999998,-44.37299999999999,40.428999999999974,-7.782000000000039,0,0,0,0,88.731,-59.97300000000001,105.738,-40.365999999999985,71.78199999999998,-56.182000000000016,100.55799999999999,-19.46799999999999,3.4944842382456613,0,0,-0.9709030202596551,-4.736507773076511,1.2432438737420597,-2.919091659244124,0,0,0.26969792116193503,-0.7695489629587371,2.23150910962579,-3.047615967527207,0,0,0,0,0,0,0,0,0,-1.1024909419145743,-1.0756378111451887,0.16268633294261292,-1.7275779981568178,1.7210737866394155,-1.2324389560094176,733-762
734,103.07200000000003,-49.56200000000001,46.92599999999999,-7.86099999999999,0,0,0,0,99.22799999999998,-62.65299999999999,116.24100000000001,-40.41300000000001,80.94099999999997,-61.36500000000001,113.54399999999998,-17.00399999999999,-3.356037710527602,0,0,-0.2886962357044567,0.5631694594777272,4.571426502766371,-0.08196805382991101,0,0,-3.386900484781421,-3.1574529748262137,1.492000013647612,-0.4288360526932138,0,0,0,0,0,0,0,0,0,0.25919695087667805,2.13350688232676,-1.4560404077386266,3.1861674274907017,-2.362946202138275,3.2098235236271364,734-763
735,113.523,-49.619,49.59300000000002,-9.061000000000035,0,0,0,0,110.87300000000002,-65.238,129.17299999999997,-40.47900000000001,86.17599999999999,-66.59200000000001,124.00200000000001,-16.921999999999997,3.3918225112396385,0,0,-0.5306584137124979,1.1780136637826715,-0.09648832983405242,-0.06328586145464499,0,0,4.964560773259393,3.8108684683368494,2.1773609077463902,2.6805594620942372,0,0,0,0,0,0,0,0,0,-1.217342527318678,2.856936170600992,-2.2746827325080403,1.2227847513182866,-1.1611049803710358,-0.19196797528096,735-764
736,122.67200000000003,-50.849999999999994,54.799000000000035,-6.502999999999986,0,0,0,0,122.608,-70.463,140.94500000000002,-41.68900000000002,95.31099999999998,-70.52000000000001,134.43099999999998,-15.641999999999996,-0.06215690759488268,0,0,-1.5336052400051656,1.7583243493226846,-2.626248949555176,1.9664559706081448,0,0,0.1136568345986575,-1.5243225551868989,-1.501479108255893,-3.490048420660031,0,0,0,0,0,0,0,0,0,1.8220151856388611,0.7265165157466669,0.9218834296409995,1.8354278657154595,-0.6210406347610657,0.5594322322422016,736-765
737,129.27800000000002,-52.158000000000015,61.30599999999998,-7.829999999999984,0,0,0,0,131.827,-72.99699999999999,152.66700000000003,-41.73600000000002,104.495,-71.846,146.09699999999998,-13.04600000000002,-4.043430913309109,0,0,1.7112411649626509,1.7342386605124247,-2.404185709796394,0.9946303973990354,0,0,-1.753210428484067,-1.1027466133020027,-1.94317458438735,0.22364738601939393,0,0,0,0,0,0,0,0,0,-0.2471556489963973,-1.7373944374387804,-0.045775996735130775,-2.051009024151682,0.022173466515646112,-1.6908255868744533,737-766
738,138.40800000000002,-50.93700000000001,63.891999999999996,-9.101999999999975,0,0,0,0,140.98299999999998,-74.297,161.838,-41.752999999999986,114.822,-74.428,155.28900000000004,-13.036000000000001,0.6459157917189202,0,0,1.276389534343334,-2.5244987905057314,2.3853988850337515,-2.6207127366932355,0,0,-0.33642675986149584,0.020326407582217598,-0.6070001479871792,-1.8775729165003838,0,0,0,0,0,0,0,0,0,-0.011842060930035814,-0.039685849380795446,1.1747480730246593,-0.08977073565918658,1.7222452329329059,0.6708601051363701,738-767
739,148.763,-52.210999999999984,70.46099999999996,-9.063999999999965,0,0,0,0,148.831,-74.338,169.67899999999997,-41.732,122.721,-74.46800000000002,164.44400000000002,-10.42100000000002,0.4637757666497748,0,0,0.7277672815195508,-0.029521341466939077,4.557563190964679,-2.2712364514774777,0,0,0.5303499328801706,1.4720344863381172,6.595808416407522,1.0120577235462065,0,0,0,0,0,0,0,0,0,-0.2393109849359618,0.09812946193343919,-1.7747045333973404,1.2883647370340867,-1.3099744440656451,-0.2306933386778951,739-768
740,157.877,-52.20099999999999,73.07799999999997,-7.800000000000011,0,0,0,0,157.953,-75.619,178.819,-41.685,127.94999999999999,-82.22900000000001,170.959,-9.12100000000001,0.9975882670974556,0,-0.3799192784384786,-2.9872589600826203,1.3669847283956997,-3.7453703090826593,1.3138463143924568,0,1.9934318692991155,0.054949590324696374,0.738980544606477,-1.097523220640909,0.7700586889492911,0,0,0,0,0,-0.14220499903410655,-11.230315151237392,5.875255828416073,-19.271952522009826,-0.8885084827144709,0.009249400596971213,-2.1215465157153233,-0.2219492711223694,-1.1860052984647211,-1.3046697230767421,740-769
741,163.12999999999997,-52.232,79.59500000000003,-6.526999999999987,0,0,9.12399999999991,1.274000000000001,167.02,-75.65200000000002,186.708,-40.465,135.72899999999998,-82.28300000000002,177.56799999999998,-7.8230000000000075,-0.498281048907927,0,-4.568924819569759,2.0432006643611835,-1.5716271296053392,1.2563736578880125,0.14573954290722924,0,-1.2663548196194654,-1.2865626314199687,-0.5265367152497902,-1.7122648273236791,0.8650780588772875,0,0,0,0,0,-2.7891182065185376,-2.093563399474675,-4.141078058408965,-3.136060591906272,1.6450450218113062,-1.1580106411194926,3.717599297639083,-1.3107523592941988,1.972095348047418,2.458388893233746,741-770
742,170.96200000000002,-52.18700000000001,82.18699999999995,-6.458000000000027,0,0,10.469999999999914,1.3100000000000023,172.30399999999997,-74.464,193.169,-40.452,142.269,-82.31200000000001,186.606,-6.569999999999993,2.712542022201859,0,3.7488508101273226,1.077614797321452,0.7486458988871263,1.721604221903867,-2.856837657718607,0,1.29732569777957,4.80081583674189,4.212699418577415,5.247703955301176,2.047398705901003,0,0,0,0,0,3.6757750952818355,4.081174893113143,5.488763095759197,5.234069537708621,-1.1490059287737324,1.8661744458087206,-3.618772727143295,1.8951105970457576,-2.2425015142746716,-1.5455679164792855,742-771
743,177.47500000000002,-52.135999999999996,84.822,-2.606999999999971,0,0,14.372999999999934,7.793000000000006,178.82700000000003,-76.95399999999998,199.69700000000003,-40.400000000000006,146.221,-84.86500000000001,190.48899999999998,-5.256,-3.5197973691103357,0,-0.8339337296933138,0.6929575337739635,-0.7981393907915049,2.507219600954002,0.5316819343418686,0,-0.014360516015699432,-4.065857423694837,-3.664325970172655,-1.7766868659753925,-2.46624695908676,0,0,0,0,0,0.8951442056304302,-0.010977120245428296,1.035410047341088,-0.9670618507142876,0.5460510660060223,0.013704176938226453,1.9803746708936814,1.2833819642847004,1.3402866647518792,3.8568938761040954,743-772
744,182.66799999999998,-52.15599999999998,88.72800000000001,-6.520999999999958,0,0,18.270999999999958,7.824000000000012,182.75700000000003,-76.94900000000001,203.66199999999998,-40.385999999999996,148.853,-84.906,195.79200000000003,-5.231999999999999,0.005109299097682651,0,0.8905052921455763,-3.8316555433680968,2.477711232592661,-4.754355766366743,0.8617809162311403,0,0.035532272816695354,-1.696508829998578,0.48230245922889026,-0.988633998737015,-0.7494383040410639,0,0,0,0,0,-2.6252483441111565,-0.8876464474587635,-2.441250493578366,-0.5354814466131756,-0.31548256772137506,-0.43332507933968856,-2.9596327969934038,-1.524885369669704,-1.9914593028932046,-3.9615595434612914,744-773
745,184.022,-52.15700000000001,90.03800000000001,-6.539999999999964,0,0,19.551999999999907,9.107000000000028,189.22199999999998,-75.77499999999998,208.85800000000003,-40.377999999999986,155.344,-86.167,198.418,-3.929000000000002,-0.05962980599551315,0,-2.5807894943990277,3.175579812925065,-1.6723175076304315,2.2826348217985313,-2.2504547413728915,0,-1.2682693860394352,1.7422975208779121,0.07441570514788509,-1.1773274194712826,-1.2512999319440894,0,0,0,0,0,-0.8741930891906975,-0.6552076871636245,-1.800679466012724,-2.877741612723696,-0.18748957922438336,0.4488820241958109,1.1386177657221879,0.2811668054085459,1.5063575926561867,-0.07482291106883565,745-774
746,187.97299999999998,-52.17700000000002,91.35199999999998,-6.520999999999958,0,0,19.59299999999996,9.114000000000033,189.30300000000003,-77.00800000000001,210.17300000000003,-40.42500000000001,156.666,-84.88400000000001,199.69299999999998,-2.561000000000007,0.8972493875424448,0,0.09995347746647099,0.4918258117554295,-1.7397747382711515,1.4782715346029391,-1.7297682090478546,0,0.004695276726323527,1.2433312891799915,-0.5266888675618588,1.1618548445635497,-2.407743987521286,0,0,0,0,0,1.8381110614307659,-0.011148411797762492,1.5905089219038473,-0.06449696629732671,-1.0498851065617671,0.006787452880068656,-0.5187872052313764,-0.49850359360969776,0.5817368283610236,0.0012637039865239785,746-775
747,189.21800000000002,-52.129999999999995,92.60300000000001,-6.517999999999972,0,0,20.846000000000004,10.387,190.598,-78.316,210.221,-39.14099999999999,157.976,-86.15700000000001,201.017,0.014000000000010004,-2.3874749951492333,0,-2.8106496949514224,0.7342119168917378,3.2910738708601457,-1.4633722816059773,3.966447410482516,0,-1.281718236923382,-0.2188999497273585,-1.3488667181445635,-4.054793941356337,-2.5490796587170053,0,0,0,0,0,-1.8333122530578976,-3.5013172038985942,-4.451809125785729,-4.968918051891507,2.8750563426276727,-0.1336747110976262,3.8381435870183083,0.2269795466422977,1.1488528465686088,1.3130097199871642,747-776
748,187.95800000000003,-49.599999999999994,92.62100000000004,-7.826999999999998,0,0,19.555999999999926,7.819999999999993,189.36299999999997,-78.268,211.39100000000002,-39.06200000000001,159.25799999999998,-84.864,203.527,2.5500000000000114,1.3956823578046453,0,-0.6783491755553257,0.0026903227816461595,-1.9950852221341293,1.2310511897056386,-4.464887352988349,0,0.007047674270339144,1.208310354691207,0.2352014088333476,0.6590414647172906,0.8313657032829553,0,0,0,0,0,-0.7010498570325865,0.48001283869498934,-0.15831049886750748,0.7224600290438161,-2.202645342866589,1.156904972295827,-4.933086874418834,0.03113612543660338,-3.3912374735625406,-0.0020101251077022653,748-777
749,187.842,-48.25200000000001,91.293,-6.485000000000014,0,0,18.255999999999972,9.105999999999995,189.28699999999998,-76.98500000000001,210.10100000000003,-36.502999999999986,159.248,-84.86500000000001,198.382,5.184999999999974,1.769833621082796,0,0.8367365080911213,-1.1258462880703881,3.2194757773451883,0.8910004670715992,0.7282218475148525,0,2.5114846682584897,1.0378924049628324,4.5315932536310015,5.557652547434714,0.9744965899298563,0,0,0,0,0,0.986146382358271,0.009062521806043833,3.5349699877551757,0.9038709120372062,1.5030554124876971,0.18795192585938736,-0.037063591978665045,0.5727998851091343,-0.09630880745766746,-1.2311437194817643,749-778
750,182.73399999999998,-44.346000000000004,88.72699999999998,-5.215000000000032,0,0,18.284999999999968,9.116000000000042,186.637,-71.805,203.64,-35.185,157.969,-88.762,191.848,6.496000000000009,0.9459620004905673,0,-0.12102270765061007,-0.07812229766665268,-3.388337699056642,0.2877536241772347,1.8942123356968636,0,2.5838798566368553,1.0789428862411228,-3.5434575110549247,3.9573101238153754,0.8736120494941986,0,0,0,0,0,-0.14130865142570315,-1.607954884730475,2.5866608819598014,-0.7224452210358834,-1.0997297560776715,-2.5818796197278004,1.824048447661653,-1.9802840719384136,1.2125842970536453,-0.9518048192773563,750-779
751,176.178,-40.49199999999999,83.529,-2.646000000000015,0,0,18.275999999999954,9.126000000000033,180.18800000000002,-67.92700000000002,198.478,-27.477000000000004,157.92900000000003,-92.643,186.69400000000002,9.050000000000011,-2.7155341971657947,0,-0.16306653392328485,-2.58085549184095,0.4263938626204222,-3.32197874951288,1.3593836823288683,0,-1.2799163440215011,-2.8434172165571283,-3.9981481316145846,-4.885617817854381,-0.941809894140448,0,0,0,0,0,-2.6895220004707596,-3.533687871783229,-3.5945108466488875,-2.1994600827369197,-1.754160962116913,1.7246699934776117,-2.998744741500161,1.2726055201293605,-2.321100631975675,1.0261598769864833,751-780
752,169.71699999999998,-40.397999999999996,79.58600000000001,-5.211999999999989,0,0,15.649000000000001,7.816000000000031,177.49899999999997,-67.775,194.46999999999997,-24.835000000000008,156.69799999999998,-90.09700000000001,180.14999999999998,9.129999999999995,4.705965063661523,0,0.12642673223194834,-2.7019485379629913,0.5057961510821443,-3.7882503671209875,2.6998628647427907,0,-1.2843706484788697,-0.5000550141378426,3.19841862616704,5.9291501727822435,3.5949790366886134,0,0,0,0,0,-0.8368495257677466,-0.6584934066224264,-1.868210148922742,0.7790087016543055,4.717063396516018,-7.276242043654516,4.589075150846085,-1.9089707246948109,0.7285645481254193,-3.036391033661829,752-781
753,161.85200000000003,-37.786,74.37799999999999,-0.05000000000001137,0,0,13.066999999999894,9.110000000000014,170.98000000000002,-58.71199999999999,187.926,-22.152000000000015,147.44100000000003,-77.03,174.93600000000004,10.400999999999982,-4.184324669853169,0,1.8237531017655897,-0.5325660733184847,0.7148173051286122,-3.7343161152198903,3.194569101365296,0,1.2430805375737322,-1.7709471325371737,-2.818839617311397,-6.405727967453515,-0.618578767408053,0,0,0,0,0,0.8393701006918377,0.03903302464627245,-1.5873420174864918,0.05023580841938724,-4.305414845598122,2.2071027060752435,-0.709682696240705,-3.1862166533660314,2.960081153811835,-0.26709183535444936,753-782
754,156.58299999999997,-31.31899999999999,71.81400000000002,-1.3319999999999936,0,0,13.057999999999993,10.398000000000025,165.721,-54.87099999999998,178.76599999999996,-15.663000000000011,143.525,-67.91500000000002,167.026,11.746999999999986,2.8969938802626984,0,-0.9752234809379559,-0.7218830077608871,-0.6102192189685667,3.3884497040686696,2.0369094888438752,0,-1.2310831411708563,1.5898685253043823,-1.2230068709770876,5.338238376182375,1.6733645949142044,0,0,0,0,0,-0.02197420270817929,-1.0973708051369897,3.760355050696745,-0.02571073920427125,3.755832778614568,1.5301353927978454,2.6102799572953472,5.457730300614784,-2.2432156412219086,5.375036195614626,754-783
755,146.252,-27.373999999999995,69.13299999999998,1.2709999999999582,0,0,11.75,10.402000000000044,156.618,-48.281000000000006,172.22999999999996,-10.552999999999997,131.79700000000003,-63.903999999999996,157.846,13.025999999999982,-5.188814226931157,0,-0.8127604839673381,-0.2244459701838366,1.4800749357964875,1.516601535524046,0.5754025846694617,0,-0.06700098037264013,-5.5416243592453895,-1.4285685437661186,-7.030035893194167,-2.3560000603727644,0,0,0,0,0,-0.0717675864453895,0.6069330022328643,0.010016897211642117,0.016615749455240802,-1.3163473945801343,3.052109752366526,0.060608813397976746,1.9574258215973828,2.5096573240934816,2.401010668341712,755-784
756,140.91899999999998,-22.197000000000003,62.678999999999974,0.02199999999999136,0,0,10.454999999999927,10.397000000000048,150.01699999999997,-43.136000000000024,161.77300000000002,-9.197000000000003,126.64600000000002,-54.881,150.03699999999998,14.34899999999999,2.349337596549276,0,0.8141414312039217,3.111938107161606,-4.3746968245590665,0.21792499830486634,0.16144050049921077,0,0.04779864467117534,3.1965979262613473,0.3746170749381008,2.432829065646189,2.569170781985804,0,0,0,0,0,1.7346716037242231,1.2856332558835106,-0.8273126133665869,1.6071232488522185,-0.9790453708311375,-3.7143057815214355,4.009252182618113,-5.051509904846299,4.181882706263167,0.22179470053511352,756-785
757,133.10899999999998,-19.570999999999998,60.01600000000002,2.584000000000003,0,0,10.447000000000003,10.425000000000011,138.329,-37.876000000000005,148.81099999999998,-3.977000000000004,118.75300000000001,-49.607,140.914,14.393,1.3344647366534446,0,-0.9564325977084138,0.49283189733890254,0.5591513535936485,-2.309290681812797,-1.2745995384765223,0,-1.2987976404084236,2.301917632487857,2.143143637379808,0.6814697792280526,-1.5385005996116092,0,0,0,0,0,-0.0481683809155129,-0.010880894237516259,0.7952156067288172,-0.7737597644739367,-0.2875858179119888,-1.3590836068012173,-0.6257844384206237,-2.1238640501943706,0.4006533120860212,-3.2522946217620046,757-786
758,122.65299999999996,-15.683000000000021,56.08300000000003,5.212000000000046,0,0,9.14799999999991,10.387,127.94400000000002,-33.90700000000001,137.08999999999997,-1.393999999999977,112.25499999999997,-45.697,129.15299999999996,18.311000000000007,-0.8110688285071603,0,0.8361434003373915,-1.8917014371599592,4.138549268012412,-4.442286156834221,1.7683523756930128,0,3.8520049720500538,-0.15873780760861678,1.7943964233211318,-0.29522481824972147,0.1824762221754952,0,0,0,0,0,0.0020858224551716376,0.6171975359772546,0.03965428130609894,0.5185448689112491,0.10344100662968003,-1.7003100778034046,-1.9081604558621734,-1.3648424531965162,-1.4434864912311696,-3.397867548446257,758-787
759,110.94200000000001,-10.417000000000002,47.021000000000015,6.530999999999949,0,0,9.138999999999896,10.387,118.798,-30.00799999999998,126.596,-0.06800000000001205,104.37299999999999,-43.003000000000014,117.452,20.811000000000007,-1.7027031740859115,0,-1.0253531674269993,-2.726326317563121,2.225193508651074,-0.42965775200411116,1.8400275184738675,0,-1.2658261336883783,-4.465047474643683,-1.1166589137331755,-2.1271085553603086,-2.9128608834630825,0,0,0,0,0,-2.7933359291209,-2.8385232882941125,-2.4388394404961957,-2.4001165846094636,1.622279593091875,0.019202921377662108,1.007393842390968,2.6409612821182264,0.2863585247356113,2.0177735885072394,759-788
760,99.19999999999999,-7.858000000000004,44.363,3.899000000000001,0,0,7.837999999999965,7.822000000000003,108.34800000000001,-22.278999999999996,114.88800000000003,1.2750000000000057,93.87200000000001,-35.268,105.72299999999996,20.853999999999985,2.8454175109714583,0,0.005314076812993562,-1.278832913305699,-2.468899438366222,-0.37155010006835454,0.7513416555226158,0,1.2845027067391044,2.331590930927888,0.01269640961268692,1.6768180299535231,3.1031855778157933,0,0,0,0,0,-0.0006514397611283584,-0.009986893632856209,0.8208670119925614,0.01674000424046085,-2.3770051506909766,1.6373579835660017,-0.8310034863134916,-1.24491553794833,0.5481483421891724,0.5516510215601045,760-789
761,88.743,-6.561000000000007,36.59300000000002,6.533999999999992,0,0,7.823999999999955,7.809000000000026,99.20599999999996,-20.903999999999996,104.38799999999998,5.193999999999988,84.757,-32.626000000000005,95.24399999999997,20.85499999999999,1.231666762723421,0,-0.9602605142187315,-0.9265128756398795,-1.5611899498737003,-0.1850629137304196,1.2751297086959283,0,-2.523208201647023,-0.010627972140525799,-1.2056114833993092,2.088471454303715,-1.1222704469531095,0,0,0,0,0,-1.8006946789207348,-1.1463723351393185,-1.720379865648141,-2.427837938976495,-0.013770682731632178,-1.3066285246896996,2.074108305036006,-0.9183782025767613,1.9380152564641833,1.5550222530501543,761-790
762,77.05900000000003,-3.944000000000017,33.936000000000035,7.7970000000000255,0,0,6.533999999999992,6.516999999999996,87.44100000000003,-14.440999999999974,91.40300000000002,9.016999999999996,73.14500000000004,-27.37899999999999,83.54399999999998,22.127999999999986,-3.566799595102964,0,1.8055475389683124,0.9598841033946925,4.748377425844893,-1.1754603316488428,3.663218626541905,0,2.5223624907582547,-0.5235753616563272,0.9328421365345037,-2.590068241485227,2.6310169326915798,0,0,0,0,0,1.8058313347226544,1.7571737464058401,1.8849403218312375,2.8107598425494587,1.0932206739076946,1.0858452818918813,0.7790256873858397,1.7728561881832405,-0.4232035041093951,1.2656485185872128,762-791
763,66.63899999999995,1.2620000000000005,26.136000000000024,7.8419999999999845,0,0,7.807999999999993,7.8110000000000355,76.96200000000005,-11.765999999999991,80.93299999999999,9.068999999999988,63.935,-22.25999999999999,73.108,19.656000000000006,2.107674388256328,0,-0.9521137704050773,0.020693778000051566,0.29315766930166376,-3.896746380294715,0.04306224714515139,0,-0.015084445935286794,2.406048534957904,2.444290699473356,-0.3385304743717654,-0.7272461942687869,0,0,0,0,0,-0.01993611873962209,-0.01761989007036391,0.7750468294423456,-1.1354089485209329,-0.28281244687889284,-2.5008679808891436,0.6736657000464703,-3.3584845491074304,1.7071284258735702,-3.198375215343944,763-792
764,56.20300000000003,2.623000000000019,23.519000000000005,9.091999999999985,0,0,7.807999999999993,7.814999999999998,66.53999999999996,-9.167000000000002,69.202,9.161000000000001,58.71600000000001,-18.27199999999999,62.653999999999996,20.85900000000001,-3.773356487222287,0,-0.859351615013594,2.277873326610475,-1.1888119858732011,0.8962055388206238,0.383869937356657,0,-1.275392877851445,-3.7597199194016184,-3.3304310702337716,-0.9428729719462581,-2.3072439563692626,0,0,0,0,0,0.9210225571243598,1.0866840180230497,0.7183248206745247,0.6886034228671747,1.189114697080015,-4.40100794341004,3.489488267269465,-2.6266983244495634,2.3208966645597755,0.23545387902424864,764-793
765,50.93399999999997,2.585000000000008,20.88499999999999,6.529999999999973,0,0,9.138999999999896,10.387,56.166,-5.179999999999978,58.77699999999999,10.344999999999999,52.158000000000015,-14.329000000000008,54.83100000000002,18.248999999999995,-2.6212227680345848,0,-0.16306653392328485,-1.0529991584251803,-0.018931778868847005,-0.6957297999577037,1.373373279192414,0,-1.2799163440215011,-2.938092120913126,-2.107550694557318,-3.3841387095984885,-0.08209906600870909,0,0,0,0,0,-2.6895220004707596,-3.533687871783229,-3.5945108466488875,-2.1994600827369197,-1.803987692976193,0.9981534777309449,-0.8092759071265903,-0.562822345586099,0.6274236723354676,0.46672764474428163,765-788
766,50.90199999999999,1.2860000000000014,20.864000000000033,6.491999999999962,0,0,13.066999999999894,9.110000000000014,56.08600000000001,-5.263000000000005,56.178999999999974,7.840000000000003,52.10000000000002,-16.949000000000012,52.261000000000024,15.661000000000001,,,,,,,,,,,,,,,,,,,,,,,,,,,,,766-782
767,50.80099999999999,-1.2319999999999993,26.099999999999966,1.2980000000000018,0,0,18.255999999999972,9.105999999999995,49.59899999999999,-5.296000000000021,49.64500000000004,2.6570000000000107,44.42599999999999,-10.437000000000012,48.24899999999997,14.333999999999975,,,,,,,,,,,,,,,,,,,,,,,,,,,,,767-778
779,57.43900000000002,14.365999999999985,20.870000000000005,11.751000000000033,0,0,13.055999999999926,26.09899999999999,69.16200000000003,7.883999999999986,62.644000000000005,29.924999999999983,61.29000000000002,-2.591000000000008,50.87900000000002,35.22200000000001,,,,,,,,,,,,,,,,,,,,,,,,,,,,,779-808
780,67.92399999999998,18.215000000000003,27.408999999999992,11.759999999999991,0,0,13.06499999999994,26.089,80.87599999999998,9.124000000000024,74.32099999999997,30.033999999999992,70.48299999999995,5.1839999999999975,61.29099999999994,40.429,,,,,,,,,,,,,,,,,,,,,,,,,,,,,780-809
781,80.96199999999999,19.58699999999999,30.04000000000002,13.048000000000002,0,0,28.713999999999942,36.52999999999997,92.625,13.004000000000019,84.84900000000005,35.172,82.17600000000004,2.6270000000000095,70.47899999999998,43.072,,,,,,,,,,,,,,,,,,,,,,,,,,,,,781-810
782,92.67999999999995,20.879999999999995,37.877999999999986,10.473000000000013,0,0,33.92500000000007,35.262,104.37599999999998,14.292000000000002,95.28200000000004,35.307000000000016,92.673,2.6350000000000193,80.84100000000001,49.613,,,,,,,,,,,,,,,,,,,,,,,,,,,,,782-811
783,104.41499999999996,24.742999999999995,43.05200000000002,11.725000000000023,0,0,39.153999999999996,41.76299999999998,116.113,14.343999999999994,105.73300000000006,43.009000000000015,103.13599999999997,-1.2769999999999868,84.87999999999994,52.28999999999999,,,,,,,,,,,,,,,,,,,,,,,,,,,,,783-812
784,116.07899999999995,27.411,50.918000000000006,10.475000000000023,0,0,43.09299999999996,41.791,127.87899999999996,15.621999999999986,116.20100000000008,43.166,118.73899999999998,1.320999999999998,94.04999999999995,60.021000000000015,,,,,,,,,,,,,,,,,,,,,,,,,,,,,784-813
785,125.31999999999994,29.97999999999999,53.47800000000001,10.427000000000021,0,0,48.27600000000007,44.38599999999997,140.93800000000005,19.614000000000004,127.91399999999999,50.95400000000001,127.88099999999997,2.686000000000007,103.15300000000002,64.023,,,,,,,,,,,,,,,,,,,,,,,,,,,,,785-814
786,135.70300000000003,33.887,56.14499999999998,9.209000000000003,0,0,52.19099999999992,44.372000000000014,153.89399999999995,22.25400000000002,139.64500000000004,53.567999999999984,137.058,2.61099999999999,109.62399999999997,72.963,,,,,,,,,,,,,,,,,,,,,,,,,,,,,786-815
787,144.83999999999997,37.798,61.36700000000002,10.489999999999952,0,0,54.835000000000036,47.02200000000005,164.35499999999996,24.82000000000002,147.46699999999998,60.095999999999975,146.173,9.143,120.07300000000004,74.37199999999999,,,,,,,,,,,,,,,,,,,,,,,,,,,,,787-816
788,151.42900000000003,39.17500000000001,69.15899999999999,10.439000000000021,0,0,58.7410000000001,48.337000000000046,172.26599999999996,31.244999999999976,156.55400000000003,63.99600000000001,155.38700000000006,11.697000000000003,130.45699999999994,79.619,,,,,,,,,,,,,,,,,,,,,,,,,,,,,788-817
789,164.35800000000006,44.397999999999996,75.68599999999998,11.757000000000005,0,0,65.231,54.81999999999999,181.35200000000003,32.66300000000001,165.69599999999997,67.918,165.82699999999994,11.716999999999985,131.74599999999998,79.60400000000001,,,,,,,,,,,,,,,,,,,,,,,,,,,,,789-818
790,172.24600000000004,48.28999999999999,79.584,13.07099999999997,0,0,66.56200000000001,57.440999999999974,189.18700000000007,35.292,169.72300000000007,73.14500000000001,172.332,13.098000000000013,131.77499999999998,79.62900000000002,,,,,,,,,,,,,,,,,,,,,,,,,,,,,790-819
791,176.214,49.647999999999996,79.66699999999997,14.394999999999982,0,0,67.85199999999998,58.733000000000004,197.05399999999997,40.50399999999999,177.49400000000003,75.791,180.02799999999996,14.334000000000003,133.02999999999997,78.31400000000002,,,,,,,,,,,,,,,,,,,,,,,,,,,,,791-820
792,185.21900000000005,53.52799999999999,87.43199999999996,14.364000000000033,0,0,73.12199999999996,62.641999999999996,200.98999999999995,41.85899999999998,181.37600000000003,80.98000000000002,186.62600000000003,19.595,133.02799999999996,79.536,,,,,,,,,,,,,,,,,,,,,,,,,,,,,792-821
793,186.58100000000002,56.125,90.04399999999998,19.561000000000035,0,0,73.12199999999996,62.638000000000034,207.50799999999998,44.388000000000005,187.856,83.577,190.52099999999996,22.162000000000006,133.05699999999996,78.291,,,,,,,,,,,,,,,,,,,,,,,,,,,,,793-822
794,189.27500000000003,56.109999999999985,90.077,19.535000000000025,0,0,73.10299999999995,61.34300000000002,210.067,45.68199999999999,189.281,84.832,191.92399999999998,24.77200000000002,131.80199999999996,78.24700000000001,,,,,,,,,,,,,,,,,,,,,,,,,,,,,794-823
795,194.35299999999995,54.85299999999998,90.05200000000002,19.547000000000025,0,0,71.81200000000001,60.02600000000001,211.42199999999997,48.221000000000004,190.59699999999998,86.089,198.29900000000004,23.520999999999987,131.79299999999995,74.394,,,,,,,,,,,,,,,,,,,,,,,,,,,,,795-824
796,191.85600000000005,56.096000000000004,91.34699999999998,19.565999999999974,0,0,78.29499999999996,65.257,213.973,47.042,191.86699999999996,86.20500000000001,197.14000000000004,28.637,130.49699999999996,75.69400000000002,,,,,,,,,,,,,,,,,,,,,,,,,,,,,796-825
797,189.279,54.91499999999999,90.04900000000004,19.541999999999973,0,0,78.34000000000003,62.67099999999999,212.70700000000005,49.507000000000005,191.84199999999998,87.40800000000002,198.33799999999997,24.776999999999987,129.19299999999998,71.81700000000001,,,,,,,,,,,,,,,,,,,,,,,,,,,,,797-826
798,186.72099999999995,54.89099999999999,88.779,18.30200000000002,0,0,78.293,62.67999999999995,207.51400000000007,48.316,187.88299999999998,87.44399999999999,195.70999999999998,28.756,125.26299999999998,71.78400000000002,,,,,,,,,,,,,,,,,,,,,,,,,,,,,798-827
799,185.28300000000002,54.91899999999998,86.18900000000002,19.531000000000006,0,0,78.29899999999998,62.64499999999998,203.58600000000007,48.31,182.77300000000002,86.13,189.21699999999998,27.42500000000001,122.66799999999995,70.48600000000002,,,,,,,,,,,,,,,,,,,,,,,,,,,,,799-828
800,178.75799999999992,54.86099999999999,86.12100000000004,19.49000000000001,0,0,78.27700000000004,58.76299999999998,197.11399999999998,48.30600000000001,177.48699999999997,82.195,186.64499999999998,26.121999999999986,120.02199999999993,69.15100000000001,,,,,,,,,,,,,,,,,,,,,,,,,,,,,800-829
801,170.93999999999994,54.88499999999999,83.54600000000005,15.673000000000002,0,0,71.793,56.144000000000005,189.24399999999997,48.31099999999998,169.69400000000002,79.61000000000001,178.78100000000006,28.697000000000003,113.53399999999993,69.131,,,,,,,,,,,,,,,,,,,,,,,,,,,,,801-830
802,159.25399999999996,54.81100000000001,79.60999999999996,16.91700000000003,0,0,67.91999999999996,56.136000000000024,180.13100000000003,48.246999999999986,160.51599999999996,77.06700000000001,174.80299999999994,28.742999999999995,109.58499999999998,66.565,,,,,,,,,,,,,,,,,,,,,,,,,,,,,802-831
803,153.973,53.528999999999996,75.63400000000001,16.923000000000002,0,0,66.61799999999994,54.83699999999999,172.26099999999997,46.946,154.012,75.70499999999998,159.20700000000005,31.198000000000008,103.02599999999995,63.91900000000001,,,,,,,,,,,,,,,,,,,,,,,,,,,,,803-832
804,144.78700000000003,52.230999999999995,70.44400000000002,13.027000000000044,0,0,63.98400000000004,50.91300000000001,159.23099999999994,45.62699999999998,143.52300000000002,73.12200000000001,148.84699999999992,27.440000000000026,95.24699999999996,61.32500000000002,,,,,,,,,,,,,,,,,,,,,,,,,,,,,804-833
805,131.79399999999998,50.95600000000002,63.954999999999984,13.003999999999962,0,0,60.077999999999975,45.702999999999975,147.47500000000002,44.31699999999998,129.25300000000004,70.56,143.502,27.359999999999985,113.529,80.88400000000001,,,,,,,,,,,,,,,,,,,,,,,,,,,,,805-834
806,118.839,50.882000000000005,58.74800000000005,11.737000000000023,0,0,56.14499999999998,43.089,135.74599999999998,41.82500000000002,118.75599999999997,66.49800000000002,130.50300000000004,27.369,101.79200000000003,75.68299999999999,,,,,,,,,,,,,,,,,,,,,,,,,,,,,806-835
807,109.66200000000003,49.497000000000014,53.579999999999984,13.009000000000015,0,0,53.53200000000004,40.47399999999999,121.382,40.480999999999995,109.62899999999996,60.12900000000002,117.44600000000003,27.331999999999994,90.11199999999997,66.636,,,,,,,,,,,,,,,,,,,,,,,,,,,,,807-836
808,100.41400000000004,43.05200000000002,48.26099999999997,10.44599999999997,0,0,53.53200000000004,40.47399999999999,108.31199999999995,40.34900000000002,100.43000000000006,56.167,105.72899999999998,26.037000000000006,82.22000000000003,63.956999999999994,,,,,,,,,,,,,,,,,,,,,,,,,,,,,808-837
809,86.07800000000003,35.30500000000001,43.03800000000001,9.135000000000048,0,0,44.375,37.827,95.29599999999999,36.54999999999998,86.15100000000007,50.929,95.27700000000004,18.269000000000005,71.80700000000002,56.15699999999998,,,,,,,,,,,,,,,,,,,,,,,,,,,,,809-838
810,74.32900000000001,33.935,41.75599999999997,10.463999999999999,0,0,31.31899999999996,27.42500000000001,83.51100000000008,32.62699999999998,73.11199999999997,43.209,83.47999999999996,18.287000000000006,62.627000000000066,50.88499999999999,,,,,,,,,,,,,,,,,,,,,,,,,,,,,810-839
811,62.680000000000064,31.349000000000018,33.95400000000001,9.158000000000015,0,0,28.720000000000027,27.370000000000005,71.78899999999999,30.031999999999982,62.63799999999992,41.69999999999999,69.23899999999998,20.879999999999995,54.797000000000025,44.33200000000002,,,,,,,,,,,,,,,,,,,,,,,,,,,,,811-840
812,52.21500000000003,27.444999999999993,29.96599999999995,9.177999999999997,0,0,23.48199999999997,19.591000000000008,60.025999999999954,27.448000000000008,52.206999999999994,32.71000000000001,57.406000000000006,22.174000000000007,49.571000000000026,40.400000000000006,,,,,,,,,,,,,,,,,,,,,,,,,,,,,812-841
813,50.885000000000105,27.420000000000016,24.80899999999997,7.843999999999994,0,0,30.029999999999973,23.49599999999998,54.81700000000001,28.687000000000012,50.846000000000004,35.22399999999999,56.129999999999995,18.216000000000008,43.04500000000007,36.565,,,,,,,,,,,,,,,,,,,,,,,,,,,,,813-837
814,52.1640000000001,30.107,28.709000000000003,9.146000000000015,0,0,26.14199999999994,20.906000000000006,56.136999999999944,27.375,50.899,33.953,57.46799999999996,19.563000000000017,22.14199999999994,15.611000000000018,,,,,,,,,,,,,,,,,,,,,,,,,,,,,814-833
815,53.45099999999991,28.744,31.333000000000027,10.36099999999999,0,0,26.100000000000023,20.897999999999968,54.92700000000002,28.673000000000002,49.608999999999924,36.507000000000005,58.718999999999994,19.602000000000004,16.932999999999993,7.8910000000000196,,,,,,,,,,,,,,,,,,,,,,,,,,,,,815-829
